45,34,v9KmqHTBovKL2lLB6sWOzBWme2U=,nj6aoRCFEY6hx4/2ABoc/rGf7rs=
45,33,v9KmqHTBovKL2lLB6sWOzBWme2U=,vYLaIeof7cpaTV1ODtEV07mOtb4=
46,34,v9KmqHTBovKL2lLB6sWOzBWme2U=,xITvS8Dv4Zg/RsRd6Ze8mq6Z7SY=
46,33,v9KmqHTBovKL2lLB6sWOzBWme2U=,KNuOsN5nyow/kAtNJb0UjvjUjEE=
45,35,RVCWBLlji60q1Nf6fKxZbO8n34k=,nj6aoRCFEY6hx4/2ABoc/rGf7rs=
46,35,RVCWBLlji60q1Nf6fKxZbO8n34k=,xITvS8Dv4Zg/RsRd6Ze8mq6Z7SY=
45,36,RVCWBLlji60q1Nf6fKxZbO8n34k=,GO+xU8nOHO+c0dkGpYu845vLdD0=
46,36,RVCWBLlji60q1Nf6fKxZbO8n34k=,tqOkyhSfJeLKLDsBZVtpjjH3TG0=
45,37,RVCWBLlji60q1Nf6fKxZbO8n34k=,GO+xU8nOHO+c0dkGpYu845vLdD0=
46,37,RVCWBLlji60q1Nf6fKxZbO8n34k=,tqOkyhSfJeLKLDsBZVtpjjH3TG0=
45,38,RVCWBLlji60q1Nf6fKxZbO8n34k=,RS6k8K8CFwgxdvWpiU2Xdxwitss=
46,38,RVCWBLlji60q1Nf6fKxZbO8n34k=,6ok4sKAA1zDYULM0XvaQJTslxbI=
45,40,VjDCXVBtxHQUDbV8YNwPtA6NfVQ=,eUvPbjtQlv2xTAFK7/bMeHEgN1A=
45,39,VjDCXVBtxHQUDbV8YNwPtA6NfVQ=,RS6k8K8CFwgxdvWpiU2Xdxwitss=
46,39,VjDCXVBtxHQUDbV8YNwPtA6NfVQ=,6ok4sKAA1zDYULM0XvaQJTslxbI=
46,44,6T5au0gnBEyIm0im+Uxgb13V/Cg=,YiyeZqo5TFAa9M3XuszsLlMbQvM=
45,44,6T5au0gnBEyIm0im+Uxgb13V/Cg=,qYv5kTrmF5ui8LSrcv4kbL+7MwM=
46,40,6T5au0gnBEyIm0im+Uxgb13V/Cg=,NxC2156VxkgMCZW5OgUDwdRXEdU=
46,43,6T5au0gnBEyIm0im+Uxgb13V/Cg=,acPKFwBYv2qGwP4WKt77Qq9qgiQ=
45,43,6T5au0gnBEyIm0im+Uxgb13V/Cg=,Rk5d0siN4Q0BCFy/aeKukVB5sew=
45,42,6T5au0gnBEyIm0im+Uxgb13V/Cg=,Rk5d0siN4Q0BCFy/aeKukVB5sew=
46,42,6T5au0gnBEyIm0im+Uxgb13V/Cg=,acPKFwBYv2qGwP4WKt77Qq9qgiQ=
45,41,6T5au0gnBEyIm0im+Uxgb13V/Cg=,eUvPbjtQlv2xTAFK7/bMeHEgN1A=
46,41,79hPEFC6B7abLXJve9EZU3HwT8s=,NxC2156VxkgMCZW5OgUDwdRXEdU=
43,44,xiUXshdadlGwGp9U+BXjS3xuHZ8=,T1pooJgqb3Q+UlFfMo/93FyMkik=
44,44,xiUXshdadlGwGp9U+BXjS3xuHZ8=,qYv5kTrmF5ui8LSrcv4kbL+7MwM=
44,43,xiUXshdadlGwGp9U+BXjS3xuHZ8=,Rk5d0siN4Q0BCFy/aeKukVB5sew=
43,43,xiUXshdadlGwGp9U+BXjS3xuHZ8=,yRb0o3JmFnsx2ceY96/V/Zrn21M=
44,42,3UYEVK4VTszQ94F7FhuZkISmkTQ=,Rk5d0siN4Q0BCFy/aeKukVB5sew=
43,41,3UYEVK4VTszQ94F7FhuZkISmkTQ=,NY3LmOWO07+D2UmMI67ny73x9VE=
43,40,3UYEVK4VTszQ94F7FhuZkISmkTQ=,NY3LmOWO07+D2UmMI67ny73x9VE=
43,39,3UYEVK4VTszQ94F7FhuZkISmkTQ=,UXi3AckcwlLad5DNXVjOQPUYXn0=
43,42,3UYEVK4VTszQ94F7FhuZkISmkTQ=,yRb0o3JmFnsx2ceY96/V/Zrn21M=
44,39,3UYEVK4VTszQ94F7FhuZkISmkTQ=,RS6k8K8CFwgxdvWpiU2Xdxwitss=
44,41,3UYEVK4VTszQ94F7FhuZkISmkTQ=,eUvPbjtQlv2xTAFK7/bMeHEgN1A=
44,40,3UYEVK4VTszQ94F7FhuZkISmkTQ=,eUvPbjtQlv2xTAFK7/bMeHEgN1A=
44,37,3UYEVK4VTszQ94F7FhuZkISmkTQ=,GO+xU8nOHO+c0dkGpYu845vLdD0=
43,37,p0z5nQe3j3iR0kfGvaByygtyWkU=,e4kXHkGd7NWCtGvj5H/ZTiTQ3zE=
44,38,p0z5nQe3j3iR0kfGvaByygtyWkU=,RS6k8K8CFwgxdvWpiU2Xdxwitss=
43,38,p0z5nQe3j3iR0kfGvaByygtyWkU=,UXi3AckcwlLad5DNXVjOQPUYXn0=
44,35,ib8/YSGGzw/pTEbKcSM8g0tbN5k=,nj6aoRCFEY6hx4/2ABoc/rGf7rs=
44,36,ib8/YSGGzw/pTEbKcSM8g0tbN5k=,GO+xU8nOHO+c0dkGpYu845vLdD0=
43,35,ib8/YSGGzw/pTEbKcSM8g0tbN5k=,U59CYg+t+EGf0lQ7ohbklU4nXZo=
43,36,ib8/YSGGzw/pTEbKcSM8g0tbN5k=,e4kXHkGd7NWCtGvj5H/ZTiTQ3zE=
44,34,ib8/YSGGzw/pTEbKcSM8g0tbN5k=,nj6aoRCFEY6hx4/2ABoc/rGf7rs=
43,34,ib8/YSGGzw/pTEbKcSM8g0tbN5k=,U59CYg+t+EGf0lQ7ohbklU4nXZo=
44,33,ib8/YSGGzw/pTEbKcSM8g0tbN5k=,vYLaIeof7cpaTV1ODtEV07mOtb4=
43,33,ib8/YSGGzw/pTEbKcSM8g0tbN5k=,M39FAZzdGjh1DBun5NhAGbFb0xM=
42,35,7R0SmJeuLLxgjIewMXK8iTpbiho=,U59CYg+t+EGf0lQ7ohbklU4nXZo=
42,36,7R0SmJeuLLxgjIewMXK8iTpbiho=,e4kXHkGd7NWCtGvj5H/ZTiTQ3zE=
41,35,7R0SmJeuLLxgjIewMXK8iTpbiho=,ZUJUxRWO21wr4grK1Ip29j+F63I=
41,36,7R0SmJeuLLxgjIewMXK8iTpbiho=,ULLj4f7UvNEkKa6ET8gU7NuBhUg=
42,34,a7lw3zIw/qKRexJyjE/HcyMYNBU=,U59CYg+t+EGf0lQ7ohbklU4nXZo=
42,33,a7lw3zIw/qKRexJyjE/HcyMYNBU=,M39FAZzdGjh1DBun5NhAGbFb0xM=
41,34,a7lw3zIw/qKRexJyjE/HcyMYNBU=,ZUJUxRWO21wr4grK1Ip29j+F63I=
41,33,a7lw3zIw/qKRexJyjE/HcyMYNBU=,75FEPxs/MDqPSTcS8r+JBHXfyCY=
39,35,a7lw3zIw/qKRexJyjE/HcyMYNBU=,B3luOJ/a1iulQHSU+KjiQ01Q+Uk=
40,35,a7lw3zIw/qKRexJyjE/HcyMYNBU=,ZUJUxRWO21wr4grK1Ip29j+F63I=
39,36,a7lw3zIw/qKRexJyjE/HcyMYNBU=,iqIVxNU0/ktlBJI9PTwE6ynxopE=
40,36,a7lw3zIw/qKRexJyjE/HcyMYNBU=,ULLj4f7UvNEkKa6ET8gU7NuBhUg=
39,34,bthOCh49IMZNVtDg+vywAX7IMic=,B3luOJ/a1iulQHSU+KjiQ01Q+Uk=
40,34,bthOCh49IMZNVtDg+vywAX7IMic=,ZUJUxRWO21wr4grK1Ip29j+F63I=
40,33,bthOCh49IMZNVtDg+vywAX7IMic=,75FEPxs/MDqPSTcS8r+JBHXfyCY=
39,33,bthOCh49IMZNVtDg+vywAX7IMic=,058HhfKQSgrEj++/SHwlMEuiWsw=
38,36,algXHEjTttuwgj7xSdV5q/btIXw=,iqIVxNU0/ktlBJI9PTwE6ynxopE=
38,34,algXHEjTttuwgj7xSdV5q/btIXw=,B3luOJ/a1iulQHSU+KjiQ01Q+Uk=
37,36,algXHEjTttuwgj7xSdV5q/btIXw=,ofQWouAkFLr7RfLgcrKmJ/4CK50=
38,35,algXHEjTttuwgj7xSdV5q/btIXw=,B3luOJ/a1iulQHSU+KjiQ01Q+Uk=
37,35,algXHEjTttuwgj7xSdV5q/btIXw=,Bgj8S3y6M2EsNN9qcU7UvsSQPVc=
37,34,algXHEjTttuwgj7xSdV5q/btIXw=,Bgj8S3y6M2EsNN9qcU7UvsSQPVc=
38,33,algXHEjTttuwgj7xSdV5q/btIXw=,058HhfKQSgrEj++/SHwlMEuiWsw=
37,33,algXHEjTttuwgj7xSdV5q/btIXw=,na2HHwjpWN95gfczRBR+yC+Eadg=
35,39,HwFgRxfH7Ii3ftgXhPYquwQZa5g=,4oll6KKh8ZWxuNjfyhSphQGoH5M=
36,39,HwFgRxfH7Ii3ftgXhPYquwQZa5g=,fnHO3n34G/wTMtxtZsO/E29OuNI=
36,40,HwFgRxfH7Ii3ftgXhPYquwQZa5g=,DKTcNQkBe47UMBR6u2hIFO+DbCA=
35,40,HwFgRxfH7Ii3ftgXhPYquwQZa5g=,OeK/e8efzPBhyolO02qVR7/zvrQ=
35,44,NAju76JPXlwOKiFRSz/qV+AbVcg=,E/6zrGC9rEHHC8VqH/2dz70Otsg=
36,44,SWr15u1R4zsR7bHyuLXJfMb/LJ8=,90R+O8c5Ai4SCIQe7F/GS9WdCPQ=
35,41,SWr15u1R4zsR7bHyuLXJfMb/LJ8=,OeK/e8efzPBhyolO02qVR7/zvrQ=
36,41,SWr15u1R4zsR7bHyuLXJfMb/LJ8=,DKTcNQkBe47UMBR6u2hIFO+DbCA=
35,42,SWr15u1R4zsR7bHyuLXJfMb/LJ8=,Gd46XzWGYf19MM+Hm1x0KlDgSnY=
36,42,4SpqplMPjNC1FsvRSvbgkmtVM6w=,bMD6jds50jeLOEbLur5xooB3QN8=
40,44,KWBWZ4SZQ7traeewBtheHm3k4ZY=,FIGOyzJjH/LqtpFjoAIkNJp3FKo=
38,44,KWBWZ4SZQ7traeewBtheHm3k4ZY=,+UDTbOu1sQkVqwKYuR1BsmoYguM=
42,44,KWBWZ4SZQ7traeewBtheHm3k4ZY=,T1pooJgqb3Q+UlFfMo/93FyMkik=
39,44,KWBWZ4SZQ7traeewBtheHm3k4ZY=,+UDTbOu1sQkVqwKYuR1BsmoYguM=
37,44,KWBWZ4SZQ7traeewBtheHm3k4ZY=,90R+O8c5Ai4SCIQe7F/GS9WdCPQ=
41,44,KWBWZ4SZQ7traeewBtheHm3k4ZY=,FIGOyzJjH/LqtpFjoAIkNJp3FKo=
35,43,XUe6SDUepeE15jv3C/gES0fehEA=,Gd46XzWGYf19MM+Hm1x0KlDgSnY=
40,43,XUe6SDUepeE15jv3C/gES0fehEA=,VbOSjuktU8zYkKI8suRNuHjlyxs=
39,43,XUe6SDUepeE15jv3C/gES0fehEA=,AsdP/4NYxjDk6FCnSlsQ3mCWoN0=
42,43,XUe6SDUepeE15jv3C/gES0fehEA=,yRb0o3JmFnsx2ceY96/V/Zrn21M=
41,43,JIMvM5QaLW19OSHDbGIW16Y++Vg=,VbOSjuktU8zYkKI8suRNuHjlyxs=
37,43,JIMvM5QaLW19OSHDbGIW16Y++Vg=,bMD6jds50jeLOEbLur5xooB3QN8=
38,43,ubolV+ToSR0udksZ9EZ2vFejwa8=,AsdP/4NYxjDk6FCnSlsQ3mCWoN0=
36,43,ubolV+ToSR0udksZ9EZ2vFejwa8=,bMD6jds50jeLOEbLur5xooB3QN8=
42,42,MtZTl0+O9zGPon+z5E+LoHh0/5U=,yRb0o3JmFnsx2ceY96/V/Zrn21M=
42,41,MtZTl0+O9zGPon+z5E+LoHh0/5U=,NY3LmOWO07+D2UmMI67ny73x9VE=
41,41,MtZTl0+O9zGPon+z5E+LoHh0/5U=,SrYDdQehDquVkocqu2G9QFj/XWY=
38,41,CO40qiTolJhVxFS5D0/MQI4Mkxg=,HYMliHkubKBFu451FOTH7eS9nVI=
39,42,CO40qiTolJhVxFS5D0/MQI4Mkxg=,AsdP/4NYxjDk6FCnSlsQ3mCWoN0=
37,41,CO40qiTolJhVxFS5D0/MQI4Mkxg=,DKTcNQkBe47UMBR6u2hIFO+DbCA=
40,41,CO40qiTolJhVxFS5D0/MQI4Mkxg=,SrYDdQehDquVkocqu2G9QFj/XWY=
39,41,CO40qiTolJhVxFS5D0/MQI4Mkxg=,HYMliHkubKBFu451FOTH7eS9nVI=
38,42,CO40qiTolJhVxFS5D0/MQI4Mkxg=,AsdP/4NYxjDk6FCnSlsQ3mCWoN0=
41,42,CO40qiTolJhVxFS5D0/MQI4Mkxg=,VbOSjuktU8zYkKI8suRNuHjlyxs=
37,42,CO40qiTolJhVxFS5D0/MQI4Mkxg=,bMD6jds50jeLOEbLur5xooB3QN8=
40,42,CO40qiTolJhVxFS5D0/MQI4Mkxg=,VbOSjuktU8zYkKI8suRNuHjlyxs=
42,38,74RSxGoeEg4YcgJPSDpWrGOWPqo=,UXi3AckcwlLad5DNXVjOQPUYXn0=
41,39,74RSxGoeEg4YcgJPSDpWrGOWPqo=,aw5uwilnhBi7l9C+4CANDkAfW7Y=
42,39,74RSxGoeEg4YcgJPSDpWrGOWPqo=,UXi3AckcwlLad5DNXVjOQPUYXn0=
41,38,74RSxGoeEg4YcgJPSDpWrGOWPqo=,aw5uwilnhBi7l9C+4CANDkAfW7Y=
41,37,74RSxGoeEg4YcgJPSDpWrGOWPqo=,ULLj4f7UvNEkKa6ET8gU7NuBhUg=
41,40,74RSxGoeEg4YcgJPSDpWrGOWPqo=,SrYDdQehDquVkocqu2G9QFj/XWY=
42,37,74RSxGoeEg4YcgJPSDpWrGOWPqo=,e4kXHkGd7NWCtGvj5H/ZTiTQ3zE=
42,40,74RSxGoeEg4YcgJPSDpWrGOWPqo=,NY3LmOWO07+D2UmMI67ny73x9VE=
38,39,74RSxGoeEg4YcgJPSDpWrGOWPqo=,t2OVJCoHW0cuSo3V+R3jyzRtBrY=
39,39,74RSxGoeEg4YcgJPSDpWrGOWPqo=,t2OVJCoHW0cuSo3V+R3jyzRtBrY=
38,40,74RSxGoeEg4YcgJPSDpWrGOWPqo=,HYMliHkubKBFu451FOTH7eS9nVI=
38,37,74RSxGoeEg4YcgJPSDpWrGOWPqo=,iqIVxNU0/ktlBJI9PTwE6ynxopE=
39,40,74RSxGoeEg4YcgJPSDpWrGOWPqo=,HYMliHkubKBFu451FOTH7eS9nVI=
40,37,74RSxGoeEg4YcgJPSDpWrGOWPqo=,ULLj4f7UvNEkKa6ET8gU7NuBhUg=
39,37,74RSxGoeEg4YcgJPSDpWrGOWPqo=,iqIVxNU0/ktlBJI9PTwE6ynxopE=
39,38,74RSxGoeEg4YcgJPSDpWrGOWPqo=,t2OVJCoHW0cuSo3V+R3jyzRtBrY=
40,39,74RSxGoeEg4YcgJPSDpWrGOWPqo=,aw5uwilnhBi7l9C+4CANDkAfW7Y=
40,40,74RSxGoeEg4YcgJPSDpWrGOWPqo=,SrYDdQehDquVkocqu2G9QFj/XWY=
38,38,74RSxGoeEg4YcgJPSDpWrGOWPqo=,t2OVJCoHW0cuSo3V+R3jyzRtBrY=
37,40,74RSxGoeEg4YcgJPSDpWrGOWPqo=,DKTcNQkBe47UMBR6u2hIFO+DbCA=
37,38,74RSxGoeEg4YcgJPSDpWrGOWPqo=,fnHO3n34G/wTMtxtZsO/E29OuNI=
37,39,74RSxGoeEg4YcgJPSDpWrGOWPqo=,fnHO3n34G/wTMtxtZsO/E29OuNI=
40,38,74RSxGoeEg4YcgJPSDpWrGOWPqo=,aw5uwilnhBi7l9C+4CANDkAfW7Y=
37,37,74RSxGoeEg4YcgJPSDpWrGOWPqo=,ofQWouAkFLr7RfLgcrKmJ/4CK50=
46,32,74RSxGoeEg4YcgJPSDpWrGOWPqo=,KNuOsN5nyow/kAtNJb0UjvjUjEE=
45,32,hIZCqLXSjPS/TVjnx0HrO6eJzvg=,vYLaIeof7cpaTV1ODtEV07mOtb4=
44,32,RBVG9xVrnJqEKO3nW3sQoMz/9Iw=,vYLaIeof7cpaTV1ODtEV07mOtb4=
43,32,RBVG9xVrnJqEKO3nW3sQoMz/9Iw=,M39FAZzdGjh1DBun5NhAGbFb0xM=
41,32,RBVG9xVrnJqEKO3nW3sQoMz/9Iw=,75FEPxs/MDqPSTcS8r+JBHXfyCY=
42,32,RBVG9xVrnJqEKO3nW3sQoMz/9Iw=,M39FAZzdGjh1DBun5NhAGbFb0xM=
40,32,RBVG9xVrnJqEKO3nW3sQoMz/9Iw=,75FEPxs/MDqPSTcS8r+JBHXfyCY=
39,32,RBVG9xVrnJqEKO3nW3sQoMz/9Iw=,058HhfKQSgrEj++/SHwlMEuiWsw=
38,32,RBVG9xVrnJqEKO3nW3sQoMz/9Iw=,058HhfKQSgrEj++/SHwlMEuiWsw=
37,32,RBVG9xVrnJqEKO3nW3sQoMz/9Iw=,na2HHwjpWN95gfczRBR+yC+Eadg=
35,32,D1bJP0GJXGerqnqLIU3lCqxuJdw=,gpjKAVjX1ZCSn/c5V9W5LqoVMmY=
35,33,D1bJP0GJXGerqnqLIU3lCqxuJdw=,gpjKAVjX1ZCSn/c5V9W5LqoVMmY=
35,34,D1bJP0GJXGerqnqLIU3lCqxuJdw=,fTZKQsEaUTJK7iYpdWbi+oSwjDg=
36,32,D1bJP0GJXGerqnqLIU3lCqxuJdw=,na2HHwjpWN95gfczRBR+yC+Eadg=
36,34,C1M0QQPFtOJpcxaym1IuD1g1AVs=,Bgj8S3y6M2EsNN9qcU7UvsSQPVc=
36,33,C1M0QQPFtOJpcxaym1IuD1g1AVs=,na2HHwjpWN95gfczRBR+yC+Eadg=
36,38,C1M0QQPFtOJpcxaym1IuD1g1AVs=,fnHO3n34G/wTMtxtZsO/E29OuNI=
35,37,C1M0QQPFtOJpcxaym1IuD1g1AVs=,WxPEB8W6AFEt53O09mcL7nFBYqw=
35,38,C1M0QQPFtOJpcxaym1IuD1g1AVs=,4oll6KKh8ZWxuNjfyhSphQGoH5M=
35,36,C1M0QQPFtOJpcxaym1IuD1g1AVs=,WxPEB8W6AFEt53O09mcL7nFBYqw=
35,35,C1M0QQPFtOJpcxaym1IuD1g1AVs=,fTZKQsEaUTJK7iYpdWbi+oSwjDg=
36,36,C1M0QQPFtOJpcxaym1IuD1g1AVs=,ofQWouAkFLr7RfLgcrKmJ/4CK50=
36,37,C1M0QQPFtOJpcxaym1IuD1g1AVs=,ofQWouAkFLr7RfLgcrKmJ/4CK50=
36,35,C1M0QQPFtOJpcxaym1IuD1g1AVs=,Bgj8S3y6M2EsNN9qcU7UvsSQPVc=
35,45,k3i4godZRA48I7HiPOBtoACTOZI=,E/6zrGC9rEHHC8VqH/2dz70Otsg=
36,45,k3i4godZRA48I7HiPOBtoACTOZI=,90R+O8c5Ai4SCIQe7F/GS9WdCPQ=
36,46,k3i4godZRA48I7HiPOBtoACTOZI=,TWjoY95S1A2XVf9w+3CHi2KHRFQ=
35,46,k3i4godZRA48I7HiPOBtoACTOZI=,8+TPMF1QKSYsWFRJvu75ID5WPrk=
34,35,k3i4godZRA48I7HiPOBtoACTOZI=,fTZKQsEaUTJK7iYpdWbi+oSwjDg=
34,36,k3i4godZRA48I7HiPOBtoACTOZI=,WxPEB8W6AFEt53O09mcL7nFBYqw=
33,35,k3i4godZRA48I7HiPOBtoACTOZI=,FMzGxRkw27FQDCvD5DvHdUk4TjQ=
33,36,k3i4godZRA48I7HiPOBtoACTOZI=,TAUQUunDlRF718zwNdOFR3iAPx4=
33,34,k3i4godZRA48I7HiPOBtoACTOZI=,FMzGxRkw27FQDCvD5DvHdUk4TjQ=
34,33,k3i4godZRA48I7HiPOBtoACTOZI=,gpjKAVjX1ZCSn/c5V9W5LqoVMmY=
34,34,k3i4godZRA48I7HiPOBtoACTOZI=,fTZKQsEaUTJK7iYpdWbi+oSwjDg=
34,37,k3i4godZRA48I7HiPOBtoACTOZI=,WxPEB8W6AFEt53O09mcL7nFBYqw=
33,33,k3i4godZRA48I7HiPOBtoACTOZI=,DTmdgc3xS7tnBMoZxnR1tkSGMmQ=
34,38,k3i4godZRA48I7HiPOBtoACTOZI=,4oll6KKh8ZWxuNjfyhSphQGoH5M=
33,38,k3i4godZRA48I7HiPOBtoACTOZI=,KtCa6OvoruZwG5POqeuXrjdG3b4=
34,45,k3i4godZRA48I7HiPOBtoACTOZI=,E/6zrGC9rEHHC8VqH/2dz70Otsg=
33,45,k3i4godZRA48I7HiPOBtoACTOZI=,/JHBF3B22LyS4h9ZG979Eu7Bj/4=
33,46,k3i4godZRA48I7HiPOBtoACTOZI=,9snjOgDXXL7VVO/Wo5B/lxBfnc8=
34,46,k3i4godZRA48I7HiPOBtoACTOZI=,8+TPMF1QKSYsWFRJvu75ID5WPrk=
34,39,pGMrVV3i+NUwFCitVq34x2Kzrd0=,4oll6KKh8ZWxuNjfyhSphQGoH5M=
33,37,pGMrVV3i+NUwFCitVq34x2Kzrd0=,TAUQUunDlRF718zwNdOFR3iAPx4=
33,39,pGMrVV3i+NUwFCitVq34x2Kzrd0=,KtCa6OvoruZwG5POqeuXrjdG3b4=
34,40,pGMrVV3i+NUwFCitVq34x2Kzrd0=,OeK/e8efzPBhyolO02qVR7/zvrQ=
33,40,pGMrVV3i+NUwFCitVq34x2Kzrd0=,x5e7QsnfMXhzDG2sepdy/RgxKwM=
33,44,aOvxKTgOedFz6hZpAbsymqmldTo=,/JHBF3B22LyS4h9ZG979Eu7Bj/4=
32,44,aOvxKTgOedFz6hZpAbsymqmldTo=,/JHBF3B22LyS4h9ZG979Eu7Bj/4=
34,44,aOvxKTgOedFz6hZpAbsymqmldTo=,E/6zrGC9rEHHC8VqH/2dz70Otsg=
32,39,XjqomPHMNiSdsOvBW0C9TTAOI8k=,KtCa6OvoruZwG5POqeuXrjdG3b4=
32,43,XjqomPHMNiSdsOvBW0C9TTAOI8k=,1gl+aZp5oSuv4WfrjLiFKyzdnQ8=
34,41,XjqomPHMNiSdsOvBW0C9TTAOI8k=,OeK/e8efzPBhyolO02qVR7/zvrQ=
33,43,XjqomPHMNiSdsOvBW0C9TTAOI8k=,1gl+aZp5oSuv4WfrjLiFKyzdnQ8=
34,42,XjqomPHMNiSdsOvBW0C9TTAOI8k=,Gd46XzWGYf19MM+Hm1x0KlDgSnY=
34,43,XjqomPHMNiSdsOvBW0C9TTAOI8k=,Gd46XzWGYf19MM+Hm1x0KlDgSnY=
33,41,XjqomPHMNiSdsOvBW0C9TTAOI8k=,x5e7QsnfMXhzDG2sepdy/RgxKwM=
32,40,XjqomPHMNiSdsOvBW0C9TTAOI8k=,x5e7QsnfMXhzDG2sepdy/RgxKwM=
32,42,XjqomPHMNiSdsOvBW0C9TTAOI8k=,1gl+aZp5oSuv4WfrjLiFKyzdnQ8=
32,41,XjqomPHMNiSdsOvBW0C9TTAOI8k=,x5e7QsnfMXhzDG2sepdy/RgxKwM=
33,42,XjqomPHMNiSdsOvBW0C9TTAOI8k=,1gl+aZp5oSuv4WfrjLiFKyzdnQ8=
32,37,XjqomPHMNiSdsOvBW0C9TTAOI8k=,TAUQUunDlRF718zwNdOFR3iAPx4=
32,38,dUnqlFKCU8R8SndT53Q7NEi5zKA=,KtCa6OvoruZwG5POqeuXrjdG3b4=
32,36,dUnqlFKCU8R8SndT53Q7NEi5zKA=,TAUQUunDlRF718zwNdOFR3iAPx4=
32,35,dUnqlFKCU8R8SndT53Q7NEi5zKA=,FMzGxRkw27FQDCvD5DvHdUk4TjQ=
45,45,dUnqlFKCU8R8SndT53Q7NEi5zKA=,qYv5kTrmF5ui8LSrcv4kbL+7MwM=
46,45,dUnqlFKCU8R8SndT53Q7NEi5zKA=,YiyeZqo5TFAa9M3XuszsLlMbQvM=
46,46,dUnqlFKCU8R8SndT53Q7NEi5zKA=,H3kljVKp8kXxGbWpwJbP8YNzbwg=
45,46,dUnqlFKCU8R8SndT53Q7NEi5zKA=,HKnrTeRGVleY07wNYa+41tl1noM=
44,45,dUnqlFKCU8R8SndT53Q7NEi5zKA=,qYv5kTrmF5ui8LSrcv4kbL+7MwM=
44,46,dUnqlFKCU8R8SndT53Q7NEi5zKA=,HKnrTeRGVleY07wNYa+41tl1noM=
43,45,dUnqlFKCU8R8SndT53Q7NEi5zKA=,T1pooJgqb3Q+UlFfMo/93FyMkik=
43,46,dUnqlFKCU8R8SndT53Q7NEi5zKA=,1AB42GxMdTixgkSAg1LRlAe6uTY=
41,45,dUnqlFKCU8R8SndT53Q7NEi5zKA=,FIGOyzJjH/LqtpFjoAIkNJp3FKo=
42,45,dUnqlFKCU8R8SndT53Q7NEi5zKA=,T1pooJgqb3Q+UlFfMo/93FyMkik=
42,46,dUnqlFKCU8R8SndT53Q7NEi5zKA=,1AB42GxMdTixgkSAg1LRlAe6uTY=
40,45,dUnqlFKCU8R8SndT53Q7NEi5zKA=,FIGOyzJjH/LqtpFjoAIkNJp3FKo=
41,46,dUnqlFKCU8R8SndT53Q7NEi5zKA=,35PGpM4wYNpQ6c7I+llkwo1KNiQ=
40,46,dUnqlFKCU8R8SndT53Q7NEi5zKA=,35PGpM4wYNpQ6c7I+llkwo1KNiQ=
39,46,dUnqlFKCU8R8SndT53Q7NEi5zKA=,EOOWc/Og7KD9Ybr2imwux56VI40=
37,45,dUnqlFKCU8R8SndT53Q7NEi5zKA=,90R+O8c5Ai4SCIQe7F/GS9WdCPQ=
37,46,dUnqlFKCU8R8SndT53Q7NEi5zKA=,TWjoY95S1A2XVf9w+3CHi2KHRFQ=
38,45,dUnqlFKCU8R8SndT53Q7NEi5zKA=,+UDTbOu1sQkVqwKYuR1BsmoYguM=
38,46,dUnqlFKCU8R8SndT53Q7NEi5zKA=,EOOWc/Og7KD9Ybr2imwux56VI40=
39,45,dUnqlFKCU8R8SndT53Q7NEi5zKA=,+UDTbOu1sQkVqwKYuR1BsmoYguM=
32,45,dUnqlFKCU8R8SndT53Q7NEi5zKA=,/JHBF3B22LyS4h9ZG979Eu7Bj/4=
32,46,dUnqlFKCU8R8SndT53Q7NEi5zKA=,9snjOgDXXL7VVO/Wo5B/lxBfnc8=
32,34,dUnqlFKCU8R8SndT53Q7NEi5zKA=,FMzGxRkw27FQDCvD5DvHdUk4TjQ=
47,46,dUnqlFKCU8R8SndT53Q7NEi5zKA=,H3kljVKp8kXxGbWpwJbP8YNzbwg=
32,33,dUnqlFKCU8R8SndT53Q7NEi5zKA=,DTmdgc3xS7tnBMoZxnR1tkSGMmQ=
47,45,dUnqlFKCU8R8SndT53Q7NEi5zKA=,YiyeZqo5TFAa9M3XuszsLlMbQvM=
32,32,dUnqlFKCU8R8SndT53Q7NEi5zKA=,DTmdgc3xS7tnBMoZxnR1tkSGMmQ=
34,32,dUnqlFKCU8R8SndT53Q7NEi5zKA=,gpjKAVjX1ZCSn/c5V9W5LqoVMmY=
33,32,dUnqlFKCU8R8SndT53Q7NEi5zKA=,DTmdgc3xS7tnBMoZxnR1tkSGMmQ=
47,44,dUnqlFKCU8R8SndT53Q7NEi5zKA=,YiyeZqo5TFAa9M3XuszsLlMbQvM=
47,38,dUnqlFKCU8R8SndT53Q7NEi5zKA=,6ok4sKAA1zDYULM0XvaQJTslxbI=
47,37,dUnqlFKCU8R8SndT53Q7NEi5zKA=,tqOkyhSfJeLKLDsBZVtpjjH3TG0=
47,35,dUnqlFKCU8R8SndT53Q7NEi5zKA=,xITvS8Dv4Zg/RsRd6Ze8mq6Z7SY=
47,36,dUnqlFKCU8R8SndT53Q7NEi5zKA=,tqOkyhSfJeLKLDsBZVtpjjH3TG0=
47,32,dUnqlFKCU8R8SndT53Q7NEi5zKA=,KNuOsN5nyow/kAtNJb0UjvjUjEE=
47,40,dUnqlFKCU8R8SndT53Q7NEi5zKA=,NxC2156VxkgMCZW5OgUDwdRXEdU=
47,34,dUnqlFKCU8R8SndT53Q7NEi5zKA=,xITvS8Dv4Zg/RsRd6Ze8mq6Z7SY=
47,39,dUnqlFKCU8R8SndT53Q7NEi5zKA=,6ok4sKAA1zDYULM0XvaQJTslxbI=
47,42,dUnqlFKCU8R8SndT53Q7NEi5zKA=,acPKFwBYv2qGwP4WKt77Qq9qgiQ=
47,43,dUnqlFKCU8R8SndT53Q7NEi5zKA=,acPKFwBYv2qGwP4WKt77Qq9qgiQ=
47,33,dUnqlFKCU8R8SndT53Q7NEi5zKA=,KNuOsN5nyow/kAtNJb0UjvjUjEE=
47,41,dUnqlFKCU8R8SndT53Q7NEi5zKA=,NxC2156VxkgMCZW5OgUDwdRXEdU=
50,46,R7e5/k/Qe4qL1DPLyqnJ7Jk+unY=,1FtbBfAjZ0uN3RP1eBVfVJy5/nk=
49,46,R7e5/k/Qe4qL1DPLyqnJ7Jk+unY=,HANa0iwxGjV4JlaG5ARiRd7SP64=
50,45,R7e5/k/Qe4qL1DPLyqnJ7Jk+unY=,Ha5V+AEMZobM5JNfuPDQLATx5RI=
49,45,R7e5/k/Qe4qL1DPLyqnJ7Jk+unY=,FLOKcocUy1VNwNjj2Rl74ZFugHo=
49,44,R7e5/k/Qe4qL1DPLyqnJ7Jk+unY=,FLOKcocUy1VNwNjj2Rl74ZFugHo=
50,43,R7e5/k/Qe4qL1DPLyqnJ7Jk+unY=,pidmdJGetQrhi4TBYyEPufrWl58=
49,43,R7e5/k/Qe4qL1DPLyqnJ7Jk+unY=,5PglJ0d1PgLucEGmF+7I0lAjhVc=
50,44,R7e5/k/Qe4qL1DPLyqnJ7Jk+unY=,Ha5V+AEMZobM5JNfuPDQLATx5RI=
49,42,R7e5/k/Qe4qL1DPLyqnJ7Jk+unY=,5PglJ0d1PgLucEGmF+7I0lAjhVc=
50,42,R7e5/k/Qe4qL1DPLyqnJ7Jk+unY=,pidmdJGetQrhi4TBYyEPufrWl58=
50,41,R7e5/k/Qe4qL1DPLyqnJ7Jk+unY=,z0+yrXtp6kEhgvrK6b6P/1q6DNE=
50,40,R7e5/k/Qe4qL1DPLyqnJ7Jk+unY=,z0+yrXtp6kEhgvrK6b6P/1q6DNE=
49,39,R7e5/k/Qe4qL1DPLyqnJ7Jk+unY=,iooWkfJRPasrwzJOLbhNQi5ngD0=
49,40,R7e5/k/Qe4qL1DPLyqnJ7Jk+unY=,NPKarwdJqh4RPJU+qMzV+E+mtK8=
49,41,R7e5/k/Qe4qL1DPLyqnJ7Jk+unY=,NPKarwdJqh4RPJU+qMzV+E+mtK8=
49,38,R7e5/k/Qe4qL1DPLyqnJ7Jk+unY=,iooWkfJRPasrwzJOLbhNQi5ngD0=
50,39,R7e5/k/Qe4qL1DPLyqnJ7Jk+unY=,w+eoV/U8OtEhher2/n9NJptNk4A=
50,38,R7e5/k/Qe4qL1DPLyqnJ7Jk+unY=,w+eoV/U8OtEhher2/n9NJptNk4A=
49,37,R7e5/k/Qe4qL1DPLyqnJ7Jk+unY=,OyL5hyFR9C6XTBk3g2BJvf34l2Y=
50,37,R7e5/k/Qe4qL1DPLyqnJ7Jk+unY=,Hq2eFJMeei9rg+VnTX1cBgPn5wQ=
50,36,S/IWaBadxMNeQnuu60mXI2mPWsY=,Hq2eFJMeei9rg+VnTX1cBgPn5wQ=
49,36,S/IWaBadxMNeQnuu60mXI2mPWsY=,OyL5hyFR9C6XTBk3g2BJvf34l2Y=
49,35,S/IWaBadxMNeQnuu60mXI2mPWsY=,2NJj4sOprxWbcPByNEV0U6bzYV4=
50,35,S/IWaBadxMNeQnuu60mXI2mPWsY=,AIxDZ7sFtWhvzSmb14w/ffDvlLM=
50,33,S/IWaBadxMNeQnuu60mXI2mPWsY=,1N04wTobT7TEVtoOt3vcYz+HBbY=
49,34,S/IWaBadxMNeQnuu60mXI2mPWsY=,2NJj4sOprxWbcPByNEV0U6bzYV4=
50,34,S/IWaBadxMNeQnuu60mXI2mPWsY=,AIxDZ7sFtWhvzSmb14w/ffDvlLM=
49,33,S/IWaBadxMNeQnuu60mXI2mPWsY=,4uqOSPuJtE3wk4XxNma83zkPUa0=
49,32,S/IWaBadxMNeQnuu60mXI2mPWsY=,4uqOSPuJtE3wk4XxNma83zkPUa0=
50,32,S/IWaBadxMNeQnuu60mXI2mPWsY=,1N04wTobT7TEVtoOt3vcYz+HBbY=
48,35,goZMnpm2q06SyjZ/DFE5AVWdCCw=,2NJj4sOprxWbcPByNEV0U6bzYV4=
48,36,goZMnpm2q06SyjZ/DFE5AVWdCCw=,OyL5hyFR9C6XTBk3g2BJvf34l2Y=
48,34,goZMnpm2q06SyjZ/DFE5AVWdCCw=,2NJj4sOprxWbcPByNEV0U6bzYV4=
48,33,goZMnpm2q06SyjZ/DFE5AVWdCCw=,4uqOSPuJtE3wk4XxNma83zkPUa0=
48,38,goZMnpm2q06SyjZ/DFE5AVWdCCw=,iooWkfJRPasrwzJOLbhNQi5ngD0=
48,45,goZMnpm2q06SyjZ/DFE5AVWdCCw=,FLOKcocUy1VNwNjj2Rl74ZFugHo=
48,46,goZMnpm2q06SyjZ/DFE5AVWdCCw=,HANa0iwxGjV4JlaG5ARiRd7SP64=
48,37,goZMnpm2q06SyjZ/DFE5AVWdCCw=,OyL5hyFR9C6XTBk3g2BJvf34l2Y=
48,44,j/3wP2HJ/y+Rg/W0ZVGxIiR5Hog=,FLOKcocUy1VNwNjj2Rl74ZFugHo=
48,43,j/3wP2HJ/y+Rg/W0ZVGxIiR5Hog=,5PglJ0d1PgLucEGmF+7I0lAjhVc=
48,40,j/3wP2HJ/y+Rg/W0ZVGxIiR5Hog=,NPKarwdJqh4RPJU+qMzV+E+mtK8=
48,39,j/3wP2HJ/y+Rg/W0ZVGxIiR5Hog=,iooWkfJRPasrwzJOLbhNQi5ngD0=
48,41,j/3wP2HJ/y+Rg/W0ZVGxIiR5Hog=,NPKarwdJqh4RPJU+qMzV+E+mtK8=
48,42,j/3wP2HJ/y+Rg/W0ZVGxIiR5Hog=,5PglJ0d1PgLucEGmF+7I0lAjhVc=
48,32,j/3wP2HJ/y+Rg/W0ZVGxIiR5Hog=,4uqOSPuJtE3wk4XxNma83zkPUa0=
